Name,Longitude,Latitude,Elevation (m),Date,ppt (mm),tmin (degrees C),tmean (degrees C),tmax (degrees C),,sample_id,,,Tann,Tmin,Tmax,MAP
GG1A,-107.8949,37.8137,3051,Annual,765.65,-5.6,2.4,10.4,,GG1A,1,,2.4,-5.6,10.4,765.65
GG1B,-107.8949,37.8137,3051,Annual,765.65,-5.6,2.4,10.4,,GG1B,1,,2.4,-5.6,10.4,765.65
GG2A,-107.8949,37.8137,3051,Annual,765.65,-5.6,2.4,10.4,,GG2A,1,,2.4,-5.6,10.4,765.65
GG2B,-107.8949,37.8137,3051,Annual,765.65,-5.6,2.4,10.4,,GG2B,1,,2.4,-5.6,10.4,765.65
GG3A,-107.8949,37.8137,3051,Annual,765.65,-5.6,2.4,10.4,,GG3A,1,,2.4,-5.6,10.4,765.65
GG3B,-107.8949,37.8137,3051,Annual,765.65,-5.6,2.4,10.4,,GG3B,1,,2.4,-5.6,10.4,765.65
GG4A,-107.8949,37.8137,3051,Annual,765.65,-5.6,2.4,10.4,,GG4A,1,,2.4,-5.6,10.4,765.65
GG4B,-107.8949,37.8137,3051,Annual,765.65,-5.6,2.4,10.4,,GG4B,1,,2.4,-5.6,10.4,765.65
GG5A,-107.8949,37.8137,3051,Annual,765.65,-5.6,2.4,10.4,,GG5A,1,,2.4,-5.6,10.4,765.65
GG5B,-107.8949,37.8137,3051,Annual,765.65,-5.6,2.4,10.4,,GG5B,1,,2.4,-5.6,10.4,765.65
TL1A,-107.8927,37.8158,3051,Annual,765.65,-5.6,2.4,10.4,,TL1A,1,,2.4,-5.6,10.4,765.65
TL1B,-107.8927,37.8158,3051,Annual,765.65,-5.6,2.4,10.4,,TL1B,1,,2.4,-5.6,10.4,765.65
TL2A,-107.8927,37.8158,3051,Annual,765.65,-5.6,2.4,10.4,,TL2A,1,,2.4,-5.6,10.4,765.65
TL2B,-107.8927,37.8158,3051,Annual,765.65,-5.6,2.4,10.4,,TL2B,1,,2.4,-5.6,10.4,765.65
TL3A,-107.8927,37.8158,3051,Annual,765.65,-5.6,2.4,10.4,,TL3A,1,,2.4,-5.6,10.4,765.65
TL3B,-107.8927,37.8158,3051,Annual,765.65,-5.6,2.4,10.4,,TL3B,1,,2.4,-5.6,10.4,765.65
TL4A,-107.8927,37.8158,3051,Annual,765.65,-5.6,2.4,10.4,,TL4A,1,,2.4,-5.6,10.4,765.65
TL4B,-107.8927,37.8158,3051,Annual,765.65,-5.6,2.4,10.4,,TL4B,1,,2.4,-5.6,10.4,765.65
TL5A,-107.8927,37.8158,3051,Annual,765.65,-5.6,2.4,10.4,,TL5A,1,,2.4,-5.6,10.4,765.65
TL5B,-107.8927,37.8158,3051,Annual,765.65,-5.6,2.4,10.4,,TL5B,1,,2.4,-5.6,10.4,765.65
LZ1A,-107.9061,37.8348,3332,Annual,877.38,-4.2,2.2,8.7,,LZ1A,1,,2.2,-4.2,8.7,877.38
LZ1B,-107.9061,37.8348,3332,Annual,877.38,-4.2,2.2,8.7,,LZ1B,1,,2.2,-4.2,8.7,877.38
LZ2A,-107.9061,37.8348,3332,Annual,877.38,-4.2,2.2,8.7,,LZ2A,1,,2.2,-4.2,8.7,877.38
LZ2B,-107.9061,37.8348,3332,Annual,877.38,-4.2,2.2,8.7,,LZ2B,1,,2.2,-4.2,8.7,877.38
LZ3A,-107.9061,37.8348,3332,Annual,877.38,-4.2,2.2,8.7,,LZ3A,1,,2.2,-4.2,8.7,877.38
LZ3B,-107.9061,37.8348,3332,Annual,877.38,-4.2,2.2,8.7,,LZ3B,1,,2.2,-4.2,8.7,877.38
LZ4A,-107.9061,37.8348,3332,Annual,877.38,-4.2,2.2,8.7,,LZ4A,1,,2.2,-4.2,8.7,877.38
LZ4B,-107.9061,37.8348,3332,Annual,877.38,-4.2,2.2,8.7,,LZ4B,1,,2.2,-4.2,8.7,877.38
RM1A,-107.7092,37.9023,3394,Annual,1036.75,-5.3,1.5,8.3,,RM1A,1,,1.5,-5.3,8.3,1036.75
RM1B,-107.7092,37.9023,3394,Annual,1036.75,-5.3,1.5,8.3,,RM1B,1,,1.5,-5.3,8.3,1036.75
RM2A,-107.7092,37.9023,3394,Annual,1036.75,-5.3,1.5,8.3,,RM2A,1,,1.5,-5.3,8.3,1036.75
RM2B,-107.7092,37.9023,3394,Annual,1036.75,-5.3,1.5,8.3,,RM2B,1,,1.5,-5.3,8.3,1036.75
RM3A,-107.7092,37.9023,3394,Annual,1036.75,-5.3,1.5,8.3,,RM3A,1,,1.5,-5.3,8.3,1036.75
RM3B,-107.7092,37.9023,3394,Annual,1036.75,-5.3,1.5,8.3,,RM3B,1,,1.5,-5.3,8.3,1036.75
RM4A,-107.7092,37.9023,3394,Annual,1036.75,-5.3,1.5,8.3,,RM4A,1,,1.5,-5.3,8.3,1036.75
RM4B,-107.7092,37.9023,3394,Annual,1036.75,-5.3,1.5,8.3,,RM4B,1,,1.5,-5.3,8.3,1036.75
CL1A,-107.6645,37.9567,3014,Annual,839.38,-5.1,2.8,10.7,,CL1A,1,,2.8,-5.1,10.7,839.38
CL1B,-107.6645,37.9567,3014,Annual,839.38,-5.1,2.8,10.7,,CL1B,1,,2.8,-5.1,10.7,839.38
CL2A,-107.6645,37.9567,3014,Annual,839.38,-5.1,2.8,10.7,,CL2A,1,,2.8,-5.1,10.7,839.38
CL2B,-107.6645,37.9567,3014,Annual,839.38,-5.1,2.8,10.7,,CL2B,1,,2.8,-5.1,10.7,839.38
CL3A,-107.6645,37.9567,3014,Annual,839.38,-5.1,2.8,10.7,,CL3A,1,,2.8,-5.1,10.7,839.38
CL3B,-107.6645,37.9567,3014,Annual,839.38,-5.1,2.8,10.7,,CL3B,1,,2.8,-5.1,10.7,839.38
CL4A,-107.6645,37.9567,3014,Annual,839.38,-5.1,2.8,10.7,,CL4A,1,,2.8,-5.1,10.7,839.38
CL4B,-107.6645,37.9567,3014,Annual,839.38,-5.1,2.8,10.7,,CL4B,1,,2.8,-5.1,10.7,839.38
CL5A,-107.6645,37.9567,3014,Annual,839.38,-5.1,2.8,10.7,,CL5A,1,,2.8,-5.1,10.7,839.38
CL5B,-107.6645,37.9567,3014,Annual,839.38,-5.1,2.8,10.7,,CL5B,1,,2.8,-5.1,10.7,839.38
SG1A,-107.2523,37.988,3244,Annual,530.23,-5.2,2.2,9.5,,SG1A,1,,2.2,-5.2,9.5,530.23
SG1B,-107.2523,37.988,3244,Annual,530.23,-5.2,2.2,9.5,,SG1B,1,,2.2,-5.2,9.5,530.23
SG2A,-107.2523,37.988,3244,Annual,530.23,-5.2,2.2,9.5,,SG2A,1,,2.2,-5.2,9.5,530.23
SG2B,-107.2523,37.988,3244,Annual,530.23,-5.2,2.2,9.5,,SG2B,1,,2.2,-5.2,9.5,530.23
SG3A,-107.2523,37.988,3244,Annual,530.23,-5.2,2.2,9.5,,SG3A,1,,2.2,-5.2,9.5,530.23
SG3B,-107.2523,37.988,3244,Annual,530.23,-5.2,2.2,9.5,,SG3B,1,,2.2,-5.2,9.5,530.23
SG4A,-107.2523,37.988,3244,Annual,530.23,-5.2,2.2,9.5,,SG4A,1,,2.2,-5.2,9.5,530.23
SG4B,-107.2523,37.988,3244,Annual,530.23,-5.2,2.2,9.5,,SG4B,1,,2.2,-5.2,9.5,530.23
SG5A,-107.2523,37.988,3244,Annual,530.23,-5.2,2.2,9.5,,SG5A,1,,2.2,-5.2,9.5,530.23
SG5B,-107.2523,37.988,3244,Annual,530.23,-5.2,2.2,9.5,,SG5B,1,,2.2,-5.2,9.5,530.23
CP1A,-106.4486,38.8436,3264,Annual,655.69,-6.4,1,8.4,,CP1A,1,,1,-6.4,8.4,655.69
CP1B,-106.4486,38.8436,3264,Annual,655.69,-6.4,1,8.4,,CP1B,1,,1,-6.4,8.4,655.69
CP2A,-106.4486,38.8436,3264,Annual,655.69,-6.4,1,8.4,,CP2A,1,,1,-6.4,8.4,655.69
CP2B,-106.4486,38.8436,3264,Annual,655.69,-6.4,1,8.4,,CP2B,1,,1,-6.4,8.4,655.69
CP3A,-106.4486,38.8436,3264,Annual,655.69,-6.4,1,8.4,,CP3A,1,,1,-6.4,8.4,655.69
CP3B,-106.4486,38.8436,3264,Annual,655.69,-6.4,1,8.4,,CP3B,1,,1,-6.4,8.4,655.69
CP4A,-106.4486,38.8436,3264,Annual,655.69,-6.4,1,8.4,,CP4A,1,,1,-6.4,8.4,655.69
TX1B,-106.4582,38.8638,3055,Annual,591.27,-7.3,1.2,9.7,,TX1B,1,,1.2,-7.3,9.7,591.27
TX2B,-106.4582,38.8638,3055,Annual,591.27,-7.3,1.2,9.7,,TX2B,1,,1.2,-7.3,9.7,591.27
TX3A,-106.4582,38.8638,3055,Annual,591.27,-7.3,1.2,9.7,,TX3A,1,,1.2,-7.3,9.7,591.27
TX3B,-106.4582,38.8638,3055,Annual,591.27,-7.3,1.2,9.7,,TX3B,1,,1.2,-7.3,9.7,591.27
TX4A,-106.4582,38.8638,3055,Annual,591.27,-7.3,1.2,9.7,,TX4A,1,,1.2,-7.3,9.7,591.27
TX4B,-106.4582,38.8638,3055,Annual,591.27,-7.3,1.2,9.7,,TX4B,1,,1.2,-7.3,9.7,591.27
TP1A,-106.5785,38.9047,2940,Annual,557.16,-7.2,1.5,10.2,,TP1A,1,,1.5,-7.2,10.2,557.16
TP1B,-106.5785,38.9047,2940,Annual,557.16,-7.2,1.5,10.2,,TP1B,1,,1.5,-7.2,10.2,557.16
TP2A,-106.5785,38.9047,2940,Annual,557.16,-7.2,1.5,10.2,,TP2A,1,,1.5,-7.2,10.2,557.16
TP2B,-106.5785,38.9047,2940,Annual,557.16,-7.2,1.5,10.2,,TP2B,1,,1.5,-7.2,10.2,557.16
TP3A,-106.5785,38.9047,2940,Annual,557.16,-7.2,1.5,10.2,,TP3A,1,,1.5,-7.2,10.2,557.16
TP3B,-106.5785,38.9047,2940,Annual,557.16,-7.2,1.5,10.2,,TP3B,1,,1.5,-7.2,10.2,557.16
TP4B,-106.5785,38.9047,2940,Annual,557.16,-7.2,1.5,10.2,,TP4B,1,,1.5,-7.2,10.2,557.16
CR2B,-108.1135,38.9784,3071,Annual,861.5,-3.9,2.3,8.5,,CR2B,1,,2.3,-3.9,8.5,861.5
CR3B,-108.1135,38.9784,3071,Annual,861.5,-3.9,2.3,8.5,,CR3B,1,,2.3,-3.9,8.5,861.5
CR4B,-108.1135,38.9784,3071,Annual,861.5,-3.9,2.3,8.5,,CR4B,1,,2.3,-3.9,8.5,861.5
GM1A,-108.0504,39.0307,3255,Annual,1188.77,-5.1,1,7.2,,GM1A,1,,1,-5.1,7.2,1188.77
GM1B,-108.0504,39.0307,3255,Annual,1188.77,-5.1,1,7.2,,GM1B,1,,1,-5.1,7.2,1188.77
GM2A,-108.0504,39.0307,3255,Annual,1188.77,-5.1,1,7.2,,GM2A,1,,1,-5.1,7.2,1188.77
GM3A,-108.0504,39.0307,3255,Annual,1188.77,-5.1,1,7.2,,GM3A,1,,1,-5.1,7.2,1188.77
GM3B,-108.0504,39.0307,3255,Annual,1188.77,-5.1,1,7.2,,GM3B,1,,1,-5.1,7.2,1188.77
SK1B,-108.0667,39.0405,3234,Annual,1001.62,-4.9,1.2,7.3,,SK1B,1,,1.2,-4.9,7.3,1001.62
SK2B,-108.0667,39.0405,3234,Annual,1001.62,-4.9,1.2,7.3,,SK2B,1,,1.2,-4.9,7.3,1001.62
SK3B,-108.0667,39.0405,3234,Annual,1001.62,-4.9,1.2,7.3,,SK3B,1,,1.2,-4.9,7.3,1001.62
SK4B,-108.0667,39.0405,3234,Annual,1001.62,-4.9,1.2,7.3,,SK4B,1,,1.2,-4.9,7.3,1001.62
SW1A,-108.0667,39.0407,3234,Annual,1001.62,-4.9,1.2,7.3,,SW1A,1,,1.2,-4.9,7.3,1001.62
SW1B,-108.0667,39.0407,3234,Annual,1001.62,-4.9,1.2,7.3,,SW1B,1,,1.2,-4.9,7.3,1001.62
SNOTEL.IOANA,-107.2667,41.0541,2344,Annual,637.35,-2.5,4.8,12.1,,SNOTEL.IOANA_G6,0,,4.8,-2.5,12.1,637.35
SNOTEL.IOANA,-106.7101,41.0598,2962,Annual,1219.37,-4.3,1.6,7.5,,SNOTEL.IOANA_A4,0,,1.6,-4.3,7.5,1219.37
SNOTEL.IOANA,-106.7101,41.0598,2962,Annual,1219.37,-4.3,1.6,7.5,,SNOTEL.IOANA_D5,0,,1.6,-4.3,7.5,1219.37
SNOTEL.IOANA,-106.7101,41.0598,2962,Annual,1219.37,-4.3,1.6,7.5,,SNOTEL.IOANA_F5,0,,1.6,-4.3,7.5,1219.37
SNOTEL.IOANA,-106.9692,41.1542,2878,Annual,1215.76,-4.1,2,8,,SNOTEL.IOANA_D2,0,,2,-4.1,8,1215.76
SNOTEL.IOANA,-106.9692,41.1542,2878,Annual,1215.76,-4.1,2,8,,SNOTEL.IOANA_G2,0,,2,-4.1,8,1215.76
SNOTEL.IOANA,-106.9692,41.1542,2878,Annual,1215.76,-4.1,2,8,,SNOTEL.IOANA_H2,0,,2,-4.1,8,1215.76
SNOTEL.IOANA,-106.9301,41.1599,2852,Annual,1042.86,-3.9,2.2,8.3,,SNOTEL.IOANA_E2,0,,2.2,-3.9,8.3,1042.86
SNOTEL.IOANA,-106.9301,41.1599,2852,Annual,1042.86,-3.9,2.2,8.3,,SNOTEL.IOANA_H6,0,,2.2,-3.9,8.3,1042.86
SM1A,-106.0287,41.1853,2815,Annual,547.03,-4.2,2.3,8.8,,SM1A,1,,2.3,-4.2,8.8,547.03
SM1B,-106.0287,41.1853,2815,Annual,547.03,-4.2,2.3,8.8,,SM1B,1,,2.3,-4.2,8.8,547.03
SM2B,-106.0287,41.1853,2815,Annual,547.03,-4.2,2.3,8.8,,SM2B,1,,2.3,-4.2,8.8,547.03
SM3B,-106.0287,41.1853,2815,Annual,547.03,-4.2,2.3,8.8,,SM3B,1,,2.3,-4.2,8.8,547.03
SM4A,-106.0287,41.1853,2815,Annual,547.03,-4.2,2.3,8.8,,SM4A,1,,2.3,-4.2,8.8,547.03
SM4B,-106.0287,41.1853,2815,Annual,547.03,-4.2,2.3,8.8,,SM4B,1,,2.3,-4.2,8.8,547.03
RR2A,-106.2694,41.2291,2918,Annual,881.88,-5.1,1.4,7.9,,RR2A,1,,1.4,-5.1,7.9,881.88
RR2B,-106.2694,41.2291,2918,Annual,881.88,-5.1,1.4,7.9,,RR2B,1,,1.4,-5.1,7.9,881.88
RR3A,-106.2694,41.2291,2918,Annual,881.88,-5.1,1.4,7.9,,RR3A,1,,1.4,-5.1,7.9,881.88
RR3B,-106.2694,41.2291,2918,Annual,881.88,-5.1,1.4,7.9,,RR3B,1,,1.4,-5.1,7.9,881.88
RR4B,-106.2694,41.2291,2918,Annual,881.88,-5.1,1.4,7.9,,RR4B,1,,1.4,-5.1,7.9,881.88
SNOTEL.IOANA,-105.3803,41.2294,2548,Annual,556.56,-1.5,4.5,10.4,,SNOTEL.IOANA_B3,0,,4.5,-1.5,10.4,556.56
TF1A,-106.2829,41.2363,2960,Annual,918.33,-5.2,1.2,7.6,,TF1A,1,,1.2,-5.2,7.6,918.33
TF1B,-106.2829,41.2363,2960,Annual,918.33,-5.2,1.2,7.6,,TF1B,1,,1.2,-5.2,7.6,918.33
TF2B,-106.2829,41.2363,2960,Annual,918.33,-5.2,1.2,7.6,,TF2B,1,,1.2,-5.2,7.6,918.33
TF3A,-106.2829,41.2363,2960,Annual,918.33,-5.2,1.2,7.6,,TF3A,1,,1.2,-5.2,7.6,918.33
TF3B,-106.2829,41.2363,2960,Annual,918.33,-5.2,1.2,7.6,,TF3B,1,,1.2,-5.2,7.6,918.33
TF4A,-106.2829,41.2363,2960,Annual,918.33,-5.2,1.2,7.6,,TF4A,1,,1.2,-5.2,7.6,918.33
TF4B,-106.2829,41.2363,2960,Annual,918.33,-5.2,1.2,7.6,,TF4B,1,,1.2,-5.2,7.6,918.33
SNOTEL.IOANA,-106.2293,41.2403,2958,Annual,902.01,-5.1,1.3,7.6,,SNOTEL.IOANA_B4,0,,1.3,-5.1,7.6,902.01
SNOTEL.IOANA,-106.2293,41.2403,2958,Annual,902.01,-5.1,1.3,7.6,,SNOTEL.IOANA_F4,0,,1.3,-5.1,7.6,902.01
SNOTEL.IOANA,-106.2293,41.2403,2958,Annual,902.01,-5.1,1.3,7.6,,SNOTEL.IOANA_H4,0,,1.3,-5.1,7.6,902.01
Calder.SV020,-106.356,41.308,3186,Annual,1150.79,-6.1,-0.2,5.7,,Calder.SV0200L,0,,-0.2,-6.1,5.7,1150.79
Calder.SV020,-106.356,41.308,3186,Annual,1150.79,-6.1,-0.2,5.7,,Calder.SV0202L,0,,-0.2,-6.1,5.7,1150.79
Calder.SV020,-106.356,41.308,3186,Annual,1150.79,-6.1,-0.2,5.7,,Calder.SV0204L,0,,-0.2,-6.1,5.7,1150.79
Calder.SV021,-106.356,41.308,3186,Annual,1150.79,-6.1,-0.2,5.7,,Calder.SV0216L,0,,-0.2,-6.1,5.7,1150.79
Calder.SV021,-106.356,41.308,3186,Annual,1150.79,-6.1,-0.2,5.7,,Calder.SV0218L,0,,-0.2,-6.1,5.7,1150.79
Calder.SV022,-106.356,41.308,3186,Annual,1150.79,-6.1,-0.2,5.7,,Calder.SV0220L,0,,-0.2,-6.1,5.7,1150.79
Calder.SV030,-106.356,41.308,3186,Annual,1150.79,-6.1,-0.2,5.7,,Calder.SV0300L,0,,-0.2,-6.1,5.7,1150.79
Calder.SV030,-106.356,41.308,3186,Annual,1150.79,-6.1,-0.2,5.7,,Calder.SV0302L,0,,-0.2,-6.1,5.7,1150.79
Calder.SV030,-106.356,41.308,3186,Annual,1150.79,-6.1,-0.2,5.7,,Calder.SV0304L,0,,-0.2,-6.1,5.7,1150.79
Calder.SV031,-106.356,41.308,3186,Annual,1150.79,-6.1,-0.2,5.7,,Calder.SV0316L,0,,-0.2,-6.1,5.7,1150.79
Calder.SV031,-106.356,41.308,3186,Annual,1150.79,-6.1,-0.2,5.7,,Calder.SV0318L,0,,-0.2,-6.1,5.7,1150.79
Calder.SV032,-106.356,41.308,3186,Annual,1150.79,-6.1,-0.2,5.7,,Calder.SV0320L,0,,-0.2,-6.1,5.7,1150.79
Calder.SV040,-106.356,41.308,3186,Annual,1150.79,-6.1,-0.2,5.7,,Calder.SV0400L,0,,-0.2,-6.1,5.7,1150.79
Calder.SV040,-106.356,41.308,3186,Annual,1150.79,-6.1,-0.2,5.7,,Calder.SV0402L,0,,-0.2,-6.1,5.7,1150.79
Calder.SV041,-106.356,41.308,3186,Annual,1150.79,-6.1,-0.2,5.7,,Calder.SV0416L,0,,-0.2,-6.1,5.7,1150.79
Calder.SV042,-106.356,41.308,3186,Annual,1150.79,-6.1,-0.2,5.7,,Calder.SV0420L,0,,-0.2,-6.1,5.7,1150.79
LI1A,-106.2785,41.321,3183,Annual,1009.6,-6,-0.1,5.8,,LI1A,1,,-0.1,-6,5.8,1009.6
LI1B,-106.2785,41.321,3183,Annual,1009.6,-6,-0.1,5.8,,LI1B,1,,-0.1,-6,5.8,1009.6
LI2A,-106.2785,41.321,3183,Annual,1009.6,-6,-0.1,5.8,,LI2A,1,,-0.1,-6,5.8,1009.6
LI2B,-106.2785,41.321,3183,Annual,1009.6,-6,-0.1,5.8,,LI2B,1,,-0.1,-6,5.8,1009.6
LI3A,-106.2785,41.321,3183,Annual,1009.6,-6,-0.1,5.8,,LI3A,1,,-0.1,-6,5.8,1009.6
LI3B,-106.2785,41.321,3183,Annual,1009.6,-6,-0.1,5.8,,LI3B,1,,-0.1,-6,5.8,1009.6
LI4A,-106.2785,41.321,3183,Annual,1009.6,-6,-0.1,5.8,,LI4A,1,,-0.1,-6,5.8,1009.6
LI4B,-106.2785,41.321,3183,Annual,1009.6,-6,-0.1,5.8,,LI4B,1,,-0.1,-6,5.8,1009.6
MP1A,-106.3256,41.3233,3219,Annual,1160.76,-6.4,-0.5,5.4,,MP1A,1,,-0.5,-6.4,5.4,1160.76
MP1B,-106.3256,41.3233,3219,Annual,1160.76,-6.4,-0.5,5.4,,MP1B,1,,-0.5,-6.4,5.4,1160.76
MP2A,-106.3256,41.3233,3219,Annual,1160.76,-6.4,-0.5,5.4,,MP2A,1,,-0.5,-6.4,5.4,1160.76
MP2B,-106.3256,41.3233,3219,Annual,1160.76,-6.4,-0.5,5.4,,MP2B,1,,-0.5,-6.4,5.4,1160.76
MP3A,-106.3256,41.3233,3219,Annual,1160.76,-6.4,-0.5,5.4,,MP3A,1,,-0.5,-6.4,5.4,1160.76
MP3B,-106.3256,41.3233,3219,Annual,1160.76,-6.4,-0.5,5.4,,MP3B,1,,-0.5,-6.4,5.4,1160.76
MP4A,-106.3256,41.3233,3219,Annual,1160.76,-6.4,-0.5,5.4,,MP4A,1,,-0.5,-6.4,5.4,1160.76
MP4B,-106.3256,41.3233,3219,Annual,1160.76,-6.4,-0.5,5.4,,MP4B,1,,-0.5,-6.4,5.4,1160.76
Calder.SR010,-106.236,41.326,3065,Annual,858.27,-5.4,0.6,6.7,,Calder.SR0100L,0,,0.6,-5.4,6.7,858.27
Calder.SR011,-106.236,41.326,3065,Annual,858.27,-5.4,0.6,6.7,,Calder.SR0116L,0,,0.6,-5.4,6.7,858.27
Calder.SR011,-106.236,41.326,3065,Annual,858.27,-5.4,0.6,6.7,,Calder.SR0118L,0,,0.6,-5.4,6.7,858.27
Calder.SR012,-106.236,41.326,3065,Annual,858.27,-5.4,0.6,6.7,,Calder.SR0120L,0,,0.6,-5.4,6.7,858.27
SNOTEL.IOANA,-106.5025,41.3296,2599,Annual,667.26,-4.4,2.9,10.1,,SNOTEL.IOANA_C4,0,,2.9,-4.4,10.1,667.26
SNOTEL.IOANA,-106.5025,41.3296,2599,Annual,667.26,-4.4,2.9,10.1,,SNOTEL.IOANA_E4,0,,2.9,-4.4,10.1,667.26
SNOTEL.IOANA,-106.5025,41.3296,2599,Annual,667.26,-4.4,2.9,10.1,,SNOTEL.IOANA_G3,0,,2.9,-4.4,10.1,667.26
SNOTEL.IOANA,-106.38,41.3299,3057,Annual,1092.59,-5.5,0.5,6.6,,SNOTEL.IOANA_A11,0,,0.5,-5.5,6.6,1092.59
SNOTEL.IOANA,-106.38,41.3299,3057,Annual,1092.59,-5.5,0.5,6.6,,SNOTEL.IOANA_F10,0,,0.5,-5.5,6.6,1092.59
SNOTEL.IOANA,-106.38,41.3299,3057,Annual,1092.59,-5.5,0.5,6.6,,SNOTEL.IOANA_G10,0,,0.5,-5.5,6.6,1092.59
LF1B,-106.286,41.3344,3216,Annual,1034.57,-6.2,-0.3,5.5,,LF1B,1,,-0.3,-6.2,5.5,1034.57
LF2B,-106.286,41.3344,3216,Annual,1034.57,-6.2,-0.3,5.5,,LF2B,1,,-0.3,-6.2,5.5,1034.57
LF3B,-106.286,41.3344,3216,Annual,1034.57,-6.2,-0.3,5.5,,LF3B,1,,-0.3,-6.2,5.5,1034.57
LF4B,-106.286,41.3344,3216,Annual,1034.57,-6.2,-0.3,5.5,,LF4B,1,,-0.3,-6.2,5.5,1034.57
Calder.33_1_,-106.3253,41.3348,3226,Annual,1196.61,-6.4,-0.5,5.3,,Calder.33_1_4_DNA,0,,-0.5,-6.4,5.3,1196.61
Calder.ML020,-106.319,41.338,3252,Annual,1209.04,-6.5,-0.7,5.1,,Calder.ML0200L,0,,-0.7,-6.5,5.1,1209.04
Calder.ML020,-106.319,41.338,3252,Annual,1209.04,-6.5,-0.7,5.1,,Calder.ML0202L,0,,-0.7,-6.5,5.1,1209.04
Calder.ML020,-106.319,41.338,3252,Annual,1209.04,-6.5,-0.7,5.1,,Calder.ML0204L,0,,-0.7,-6.5,5.1,1209.04
Calder.ML021,-106.319,41.338,3252,Annual,1209.04,-6.5,-0.7,5.1,,Calder.ML0216L,0,,-0.7,-6.5,5.1,1209.04
Calder.ML021,-106.319,41.338,3252,Annual,1209.04,-6.5,-0.7,5.1,,Calder.ML0218L,0,,-0.7,-6.5,5.1,1209.04
Calder.ML010,-106.319,41.338,3252,Annual,1209.04,-6.5,-0.7,5.1,,Calder.ML0104L,0,,-0.7,-6.5,5.1,1209.04
SL1A,-106.1668,41.3421,2723,Annual,562.58,-4.4,2.5,9.3,,SL1A,1,,2.5,-4.4,9.3,562.58
SL1B,-106.1668,41.3421,2723,Annual,562.58,-4.4,2.5,9.3,,SL1B,1,,2.5,-4.4,9.3,562.58
SL2A,-106.1668,41.3421,2723,Annual,562.58,-4.4,2.5,9.3,,SL2A,1,,2.5,-4.4,9.3,562.58
SL2B,-106.1668,41.3421,2723,Annual,562.58,-4.4,2.5,9.3,,SL2B,1,,2.5,-4.4,9.3,562.58
SL3A,-106.1668,41.3421,2723,Annual,562.58,-4.4,2.5,9.3,,SL3A,1,,2.5,-4.4,9.3,562.58
SL3B,-106.1668,41.3421,2723,Annual,562.58,-4.4,2.5,9.3,,SL3B,1,,2.5,-4.4,9.3,562.58
SL4A,-106.1668,41.3421,2723,Annual,562.58,-4.4,2.5,9.3,,SL4A,1,,2.5,-4.4,9.3,562.58
SL4B,-106.1668,41.3421,2723,Annual,562.58,-4.4,2.5,9.3,,SL4B,1,,2.5,-4.4,9.3,562.58
MB1A,-106.2332,41.3495,3069,Annual,882.15,-5.4,0.6,6.6,,MB1A,1,,0.6,-5.4,6.6,882.15
MB2B,-106.2332,41.3495,3069,Annual,882.15,-5.4,0.6,6.6,,MB2B,1,,0.6,-5.4,6.6,882.15
MB3A,-106.2332,41.3495,3069,Annual,882.15,-5.4,0.6,6.6,,MB3A,1,,0.6,-5.4,6.6,882.15
MB3B,-106.2332,41.3495,3069,Annual,882.15,-5.4,0.6,6.6,,MB3B,1,,0.6,-5.4,6.6,882.15
MB4A,-106.2332,41.3495,3069,Annual,882.15,-5.4,0.6,6.6,,MB4A,1,,0.6,-5.4,6.6,882.15
MB4B,-106.2332,41.3495,3069,Annual,882.15,-5.4,0.6,6.6,,MB4B,1,,0.6,-5.4,6.6,882.15
MB5A,-106.2332,41.3495,3069,Annual,882.15,-5.4,0.6,6.6,,MB5A,1,,0.6,-5.4,6.6,882.15
MB5B,-106.2332,41.3495,3069,Annual,882.15,-5.4,0.6,6.6,,MB5B,1,,0.6,-5.4,6.6,882.15
Calder.HL010,-106.27,41.35,3202,Annual,1002.3,-6,-0.2,5.6,,Calder.HL0100L,0,,-0.2,-6,5.6,1002.3
Calder.HL010,-106.27,41.35,3202,Annual,1002.3,-6,-0.2,5.6,,Calder.HL0102L,0,,-0.2,-6,5.6,1002.3
Calder.HL010,-106.27,41.35,3202,Annual,1002.3,-6,-0.2,5.6,,Calder.HL0104L,0,,-0.2,-6,5.6,1002.3
Calder.HW010,-106.263,41.351,3202,Annual,1002.3,-6,-0.2,5.6,,Calder.HW0100L,0,,-0.2,-6,5.6,1002.3
Calder.HW010,-106.263,41.351,3202,Annual,1002.3,-6,-0.2,5.6,,Calder.HW0102L,0,,-0.2,-6,5.6,1002.3
Calder.HW010,-106.263,41.351,3202,Annual,1002.3,-6,-0.2,5.6,,Calder.HW0104L,0,,-0.2,-6,5.6,1002.3
Calder.HW011,-106.263,41.351,3202,Annual,1002.3,-6,-0.2,5.6,,Calder.HW0116L,0,,-0.2,-6,5.6,1002.3
Calder.HW011,-106.263,41.351,3202,Annual,1002.3,-6,-0.2,5.6,,Calder.HW0118L,0,,-0.2,-6,5.6,1002.3
Calder.HW012,-106.263,41.351,3202,Annual,1002.3,-6,-0.2,5.6,,Calder.HW0120L,0,,-0.2,-6,5.6,1002.3
Calder.LB010,-106.294,41.356,3299,Annual,1166.4,-6.8,-1,4.9,,Calder.LB0100L,0,,-1,-6.8,4.9,1166.4
Calder.LB010,-106.294,41.356,3299,Annual,1166.4,-6.8,-1,4.9,,Calder.LB0104L,0,,-1,-6.8,4.9,1166.4
Calder.LB020,-106.294,41.356,3299,Annual,1166.4,-6.8,-1,4.9,,Calder.LB0202L,0,,-1,-6.8,4.9,1166.4
Calder.LB020,-106.294,41.356,3299,Annual,1166.4,-6.8,-1,4.9,,Calder.LB0204L,0,,-1,-6.8,4.9,1166.4
Calder.LB021,-106.294,41.356,3299,Annual,1166.4,-6.8,-1,4.9,,Calder.LB0216L,0,,-1,-6.8,4.9,1166.4
Calder.LB021,-106.294,41.356,3299,Annual,1166.4,-6.8,-1,4.9,,Calder.LB0218L,0,,-1,-6.8,4.9,1166.4
Calder.LB022,-106.294,41.356,3299,Annual,1166.4,-6.8,-1,4.9,,Calder.LB0220L,0,,-1,-6.8,4.9,1166.4
Calder.RL020,-106.271,41.358,3282,Annual,1081.56,-6.7,-0.8,5,,Calder.RL0200L,0,,-0.8,-6.7,5,1081.56
Calder.RL020,-106.271,41.358,3282,Annual,1081.56,-6.7,-0.8,5,,Calder.RL0202L,0,,-0.8,-6.7,5,1081.56
Calder.34_1_,-106.2961,41.3582,3303,Annual,1221.79,-6.9,-1,4.9,,Calder.34_1_0_DNA,0,,-1,-6.9,4.9,1221.79
Calder.34_1_,-106.2961,41.3582,3303,Annual,1221.79,-6.9,-1,4.9,,Calder.34_1_16_DNA,0,,-1,-6.9,4.9,1221.79
Calder.34_1_,-106.2961,41.3582,3303,Annual,1221.79,-6.9,-1,4.9,,Calder.34_1_18_DNA,0,,-1,-6.9,4.9,1221.79
Calder.34_1_,-106.2961,41.3582,3303,Annual,1221.79,-6.9,-1,4.9,,Calder.34_1_2_DNA,0,,-1,-6.9,4.9,1221.79
Calder.34_1_,-106.2961,41.3582,3303,Annual,1221.79,-6.9,-1,4.9,,Calder.34_1_20_DNA,0,,-1,-6.9,4.9,1221.79
Calder.34_1_,-106.2961,41.3582,3303,Annual,1221.79,-6.9,-1,4.9,,Calder.34_1_4_DNA,0,,-1,-6.9,4.9,1221.79
SNOTEL.IOANA,-106.2314,41.3601,3099,Annual,910.58,-5.5,0.4,6.3,,SNOTEL.IOANA_A10,0,,0.4,-5.5,6.3,910.58
SNOTEL.IOANA,-106.2314,41.3601,3099,Annual,910.58,-5.5,0.4,6.3,,SNOTEL.IOANA_E10,0,,0.4,-5.5,6.3,910.58
SNOTEL.IOANA,-106.2314,41.3601,3099,Annual,910.58,-5.5,0.4,6.3,,SNOTEL.IOANA_H9,0,,0.4,-5.5,6.3,910.58
Calder.SG010,-106.299,41.369,3347,Annual,1247.72,-7.2,-1.2,4.7,,Calder.SG0100L,0,,-1.2,-7.2,4.7,1247.72
Calder.SG010,-106.299,41.369,3347,Annual,1247.72,-7.2,-1.2,4.7,,Calder.SG0102L,0,,-1.2,-7.2,4.7,1247.72
Calder.BL010,-106.25,41.372,3244,Annual,1049.37,-6.5,-0.6,5.2,,Calder.BL0100L,0,,-0.6,-6.5,5.2,1049.37
Calder.BL010,-106.25,41.372,3244,Annual,1049.37,-6.5,-0.6,5.2,,Calder.BL0102L,0,,-0.6,-6.5,5.2,1049.37
Calder.BL010,-106.25,41.372,3244,Annual,1049.37,-6.5,-0.6,5.2,,Calder.BL0104L,0,,-0.6,-6.5,5.2,1049.37
Calder.BL012,-106.25,41.372,3244,Annual,1049.37,-6.5,-0.6,5.2,,Calder.BL0120L,0,,-0.6,-6.5,5.2,1049.37
Calder.BL021,-106.25,41.372,3244,Annual,1049.37,-6.5,-0.6,5.2,,Calder.BL0216L,0,,-0.6,-6.5,5.2,1049.37
Calder.BL021,-106.25,41.372,3244,Annual,1049.37,-6.5,-0.6,5.2,,Calder.BL0218L,0,,-0.6,-6.5,5.2,1049.37
Calder.EG010,-106.256,41.377,3278,Annual,1093.3,-6.7,-0.8,5,,Calder.EG0100L,0,,-0.8,-6.7,5,1093.3
Calder.EG010,-106.256,41.377,3278,Annual,1093.3,-6.7,-0.8,5,,Calder.EG0102L,0,,-0.8,-6.7,5,1093.3
Calder.EG010,-106.256,41.377,3278,Annual,1093.3,-6.7,-0.8,5,,Calder.EG0104L,0,,-0.8,-6.7,5,1093.3
Calder.EG011,-106.256,41.377,3278,Annual,1093.3,-6.7,-0.8,5,,Calder.EG0116L,0,,-0.8,-6.7,5,1093.3
Calder.EG011,-106.256,41.377,3278,Annual,1093.3,-6.7,-0.8,5,,Calder.EG0118L,0,,-0.8,-6.7,5,1093.3
Calder.EG012,-106.256,41.377,3278,Annual,1093.3,-6.7,-0.8,5,,Calder.EG0120L,0,,-0.8,-6.7,5,1093.3
Calder.EG020,-106.256,41.377,3278,Annual,1093.3,-6.7,-0.8,5,,Calder.EG0202L,0,,-0.8,-6.7,5,1093.3
Calder.EG020,-106.256,41.377,3278,Annual,1093.3,-6.7,-0.8,5,,Calder.EG0204L1,0,,-0.8,-6.7,5,1093.3
Calder.EG021,-106.256,41.377,3278,Annual,1093.3,-6.7,-0.8,5,,Calder.EG0216L,0,,-0.8,-6.7,5,1093.3
Calder.EG021,-106.256,41.377,3278,Annual,1093.3,-6.7,-0.8,5,,Calder.EG0218L,0,,-0.8,-6.7,5,1093.3
Calder.EG022,-106.256,41.377,3278,Annual,1093.3,-6.7,-0.8,5,,Calder.EG0220L,0,,-0.8,-6.7,5,1093.3
Calder.EG030,-106.256,41.377,3278,Annual,1093.3,-6.7,-0.8,5,,Calder.EG0300L,0,,-0.8,-6.7,5,1093.3
Calder.EG030,-106.256,41.377,3278,Annual,1093.3,-6.7,-0.8,5,,Calder.EG0302L,0,,-0.8,-6.7,5,1093.3
Calder.EG030,-106.256,41.377,3278,Annual,1093.3,-6.7,-0.8,5,,Calder.EG0304L,0,,-0.8,-6.7,5,1093.3
Calder.EG030,-106.256,41.377,3278,Annual,1093.3,-6.7,-0.8,5,,Calder.EG0308L2,0,,-0.8,-6.7,5,1093.3
Calder.EG031,-106.256,41.377,3278,Annual,1093.3,-6.7,-0.8,5,,Calder.EG0316L,0,,-0.8,-6.7,5,1093.3
Calder.EG032,-106.256,41.377,3278,Annual,1093.3,-6.7,-0.8,5,,Calder.EG0320L,0,,-0.8,-6.7,5,1093.3
Calder.35_1_,-106.2589,41.3773,3278,Annual,1093.3,-6.7,-0.8,5,,Calder.35_1_0_DNA,0,,-0.8,-6.7,5,1093.3
Calder.35_1_,-106.2589,41.3773,3278,Annual,1093.3,-6.7,-0.8,5,,Calder.35_1_2_DNA,0,,-0.8,-6.7,5,1093.3
Calder.35_1_,-106.2589,41.3773,3278,Annual,1093.3,-6.7,-0.8,5,,Calder.35_1_4_DNA,0,,-0.8,-6.7,5,1093.3
Calder.35_2_,-106.2589,41.3773,3278,Annual,1093.3,-6.7,-0.8,5,,Calder.35_2_0_DNA,0,,-0.8,-6.7,5,1093.3
Calder.35_2_,-106.2589,41.3773,3278,Annual,1093.3,-6.7,-0.8,5,,Calder.35_2_2_DNA,0,,-0.8,-6.7,5,1093.3
Calder.35_2_,-106.2589,41.3773,3278,Annual,1093.3,-6.7,-0.8,5,,Calder.35_2_4_DNA,0,,-0.8,-6.7,5,1093.3
SNOTEL.IOANA,-106.3468,41.3783,3248,Annual,1188.8,-6.6,-0.7,5.2,,SNOTEL.IOANA_E11,0,,-0.7,-6.6,5.2,1188.8
SNOTEL.IOANA,-106.3468,41.3783,3248,Annual,1188.8,-6.6,-0.7,5.2,,SNOTEL.IOANA_F11,0,,-0.7,-6.6,5.2,1188.8
,,,,,,,,,,SNOTEL.IOANA_H11,0,,,,,
,,,,,,,,,,Calder.BN0105L,0,,,,,
,,,,,,,,,,Calder.NB0100L,0,,,,,
,,,,,,,,,,Calder.NB0105L,0,,,,,
,,,,,,,,,,Calder.LW0100L,0,,,,,
,,,,,,,,,,Calder.LW0102L,0,,,,,
,,,,,,,,,,Calder.LW0104L,0,,,,,
,,,,,,,,,,Calder.LW0116L,0,,,,,
,,,,,,,,,,Calder.LW0118L,0,,,,,
,,,,,,,,,,Calder.LW0120L,0,,,,,
,,,,,,,,,,Calder.FB0100L,0,,,,,
,,,,,,,,,,Calder.FB0102L,0,,,,,
,,,,,,,,,,FB1A,0,,,,,
,,,,,,,,,,FB1B,0,,,,,
,,,,,,,,,,FB2A,0,,,,,
,,,,,,,,,,FB2B,0,,,,,
,,,,,,,,,,FB3B,0,,,,,
,,,,,,,,,,FB4B,0,,,,,
,,,,,,,,,,Calder.LS0100L,0,,,,,
,,,,,,,,,,Calder.LS0102L,0,,,,,
,,,,,,,,,,Calder.LS0106L,0,,,,,
,,,,,,,,,,Calder.LS0108L,0,,,,,
,,,,,,,,,,Calder.LS0132L,0,,,,,
,,,,,,,,,,NF1A,0,,,,,
,,,,,,,,,,NF1B,0,,,,,
,,,,,,,,,,NF2A,0,,,,,
,,,,,,,,,,NF2B,0,,,,,
,,,,,,,,,,NF3A,0,,,,,
,,,,,,,,,,NF3B,0,,,,,
,,,,,,,,,,NF4A,0,,,,,
,,,,,,,,,,NF4B,0,,,,,
,,,,,,,,,,Calder.CL0100L,0,,,,,
,,,,,,,,,,Calder.CL0102L,0,,,,,
,,,,,,,,,,Calder.CL0116L,0,,,,,
,,,,,,,,,,Calder.CL0118L,0,,,,,
,,,,,,,,,,Calder.CL0120L,0,,,,,
,,,,,,,,,,Calder.CL0200L,0,,,,,
,,,,,,,,,,Calder.CL0202L2,0,,,,,
,,,,,,,,,,Calder.CL0204L,0,,,,,
,,,,,,,,,,Calder.CL0218L,0,,,,,
,,,,,,,,,,Calder.LL0100L,0,,,,,
,,,,,,,,,,Calder.LL0118L,0,,,,,
,,,,,,,,,,Calder.LL0200L,0,,,,,
,,,,,,,,,,Calder.LL0202L,0,,,,,
,,,,,,,,,,Calder.LL0216L,0,,,,,
,,,,,,,,,,Calder.LL0218L,0,,,,,
,,,,,,,,,,Calder.LL0220L,0,,,,,
,,,,,,,,,,Calder.LL0300L,0,,,,,
,,,,,,,,,,Calder.LL0302L,0,,,,,
,,,,,,,,,,Calder.LL0304L,0,,,,,
,,,,,,,,,,Calder.LL0316L,0,,,,,
,,,,,,,,,,Calder.LL0318L,0,,,,,
,,,,,,,,,,Calder.LL0320L,0,,,,,
,,,,,,,,,,Calder.LL0442L,0,,,,,
,,,,,,,,,,Calder.LL0446L,0,,,,,
,,,,,,,,,,SNOTEL.IOANA_B2,0,,,,,
,,,,,,,,,,SNOTEL.IOANA_C5,0,,,,,
,,,,,,,,,,SNOTEL.IOANA_F2,0,,,,,
,,,,,,,,,,SNOTEL.IOANA_D4,0,,,,,
,,,,,,,,,,SNOTEL.IOANA_F1,0,,,,,
,,,,,,,,,,SNOTEL.IOANA_H1,0,,,,,
,,,,,,,,,,SNOTEL.IOANA_B10,0,,,,,
,,,,,,,,,,SNOTEL.IOANA_B9,0,,,,,
,,,,,,,,,,SNOTEL.IOANA_H8,0,,,,,
,,,,,,,,,,SNOTEL.IOANA_A5,0,,,,,
,,,,,,,,,,SNOTEL.IOANA_B5,0,,,,,
,,,,,,,,,,SNOTEL.IOANA_E5,0,,,,,
,,,,,,,,,,SNOTEL.IOANA_G4,0,,,,,
,,,,,,,,,,SNOTEL.IOANA_H3,0,,,,,
,,,,,,,,,,SNOTEL.IOANA_B11,0,,,,,
,,,,,,,,,,SNOTEL.IOANA_G11,0,,,,,
,,,,,,,,,,SNOTEL.IOANA_H10,0,,,,,
,,,,,,,,,,Calder.49_1_0_DNA,0,,,,,
,,,,,,,,,,Calder.49_1_16_DNA,0,,,,,
,,,,,,,,,,Calder.49_1_18_DNA,0,,,,,
,,,,,,,,,,Calder.49_1_2_DNA,0,,,,,
,,,,,,,,,,Calder.49_1_20_DNA,0,,,,,
,,,,,,,,,,Calder.49_1_4_DNA,0,,,,,
,,,,,,,,,,Calder.48_1_0_DNA,0,,,,,
,,,,,,,,,,Calder.48_1_16_DNA,0,,,,,
,,,,,,,,,,Calder.48_1_2_DNA,0,,,,,
,,,,,,,,,,Calder.48_1_4_DNA,0,,,,,
,,,,,,,,,,SNOTEL.IOANA_B6,0,,,,,
,,,,,,,,,,SNOTEL.IOANA_B7,0,,,,,
,,,,,,,,,,SNOTEL.IOANA_D7,0,,,,,
,,,,,,,,,,Calder.51_1_0_DNA,0,,,,,
,,,,,,,,,,Calder.51_1_2_DNA,0,,,,,
,,,,,,,,,,Calder.51_1_4_DNA,0,,,,,
,,,,,,,,,,Calder.50_1_0_DNA,0,,,,,
,,,,,,,,,,Calder.50_1_4_DNA,0,,,,,
,,,,,,,,,,Calder.52_1_16_DNA,0,,,,,
,,,,,,,,,,Calder.52_1_18_DNA,0,,,,,
,,,,,,,,,,Calder.52_1_2_DNA,0,,,,,
,,,,,,,,,,Calder.52_1_4_DNA,0,,,,,
,,,,,,,,,,SNOTEL.IOANA_A8,0,,,,,
,,,,,,,,,,SNOTEL.IOANA_A9,0,,,,,
,,,,,,,,,,SNOTEL.IOANA_D8,0,,,,,
,,,,,,,,,,SNOTEL.IOANA_C7,0,,,,,
,,,,,,,,,,SNOTEL.IOANA_D6,0,,,,,
,,,,,,,,,,SNOTEL.IOANA_E7,0,,,,,
,,,,,,,,,,SNOTEL.IOANA_B8,0,,,,,
,,,,,,,,,,SNOTEL.IOANA_F9,0,,,,,
,,,,,,,,,,SNOTEL.IOANA_G7,0,,,,,
,,,,,,,,,,SNOTEL.IOANA_A2,0,,,,,
,,,,,,,,,,SNOTEL.IOANA_C2,0,,,,,
,,,,,,,,,,SNOTEL.IOANA_G1,0,,,,,
,,,,,,,,,,SNOTEL.IOANA_E8,0,,,,,
,,,,,,,,,,SNOTEL.IOANA_F3,0,,,,,
,,,,,,,,,,SNOTEL.IOANA_F7,0,,,,,
,,,,,,,,,,SNOTEL.IOANA_G8,0,,,,,
,,,,,,,,,,WG1A_S,0,,,,,
,,,,,,,,,,WG1B_S,0,,,,,
,,,,,,,,,,WG2A_S,0,,,,,
,,,,,,,,,,WG2B_S,0,,,,,
,,,,,,,,,,WG3A_S,0,,,,,
,,,,,,,,,,WG3B_S,0,,,,,
,,,,,,,,,,WG4A_S,0,,,,,
,,,,,,,,,,WG4B_S,0,,,,,
,,,,,,,,,,SNOTEL.IOANA_B1,0,,,,,
,,,,,,,,,,SNOTEL.IOANA_C1,0,,,,,
,,,,,,,,,,SNOTEL.IOANA_G5,0,,,,,
,,,,,,,,,,LY1A_S,0,,,,,
,,,,,,,,,,LY1B_S,0,,,,,
,,,,,,,,,,LY2A_S,0,,,,,
,,,,,,,,,,LY2B_S,0,,,,,
,,,,,,,,,,LY3B_S,0,,,,,
,,,,,,,,,,LY4A_S,0,,,,,
,,,,,,,,,,LY4B_S,0,,,,,
,,,,,,,,,,SNOTEL.IOANA_C10,0,,,,,
,,,,,,,,,,SNOTEL.IOANA_D10,0,,,,,
,,,,,,,,,,SNOTEL.IOANA_G9,0,,,,,
,,,,,,,,,,SNOTEL.IOANA_A6,0,,,,,
,,,,,,,,,,SNOTEL.IOANA_A7,0,,,,,
,,,,,,,,,,SNOTEL.IOANA_H5,0,,,,,
,,,,,,,,,,SNOTEL.IOANA_B12,0,,,,,
,,,,,,,,,,SNOTEL.IOANA_C11,0,,,,,
,,,,,,,,,,SNOTEL.IOANA_E6,0,,,,,
,,,,,,,,,,SNOTEL.IOANA_D9,0,,,,,
,,,,,,,,,,SNOTEL.IOANA_E9,0,,,,,
,,,,,,,,,,CC1A,0,,,,,
,,,,,,,,,,CC1B,0,,,,,
,,,,,,,,,,CC2A,0,,,,,
,,,,,,,,,,CC2B,0,,,,,
,,,,,,,,,,CC3A,0,,,,,
,,,,,,,,,,CC3B,0,,,,,
,,,,,,,,,,CC4A,0,,,,,
,,,,,,,,,,CC4B,0,,,,,
,,,,,,,,,,SNOTEL.IOANA_C9,0,,,,,
,,,,,,,,,,SNOTEL.IOANA_F8,0,,,,,
,,,,,,,,,,PC1A,0,,,,,
,,,,,,,,,,PC1B,0,,,,,
,,,,,,,,,,PC2A,0,,,,,
,,,,,,,,,,PC2B,0,,,,,
,,,,,,,,,,PC3A,0,,,,,
,,,,,,,,,,PC3B,0,,,,,
,,,,,,,,,,PC4A,0,,,,,
,,,,,,,,,,PC4B,0,,,,,
,,,,,,,,,,Calder.39_1_16_DNA,0,,,,,
,,,,,,,,,,Calder.39_1_2_DNA,0,,,,,
,,,,,,,,,,Calder.39_1_20_DNA,0,,,,,
,,,,,,,,,,Calder.39_1_4_DNA,0,,,,,
,,,,,,,,,,FR2B,0,,,,,
,,,,,,,,,,FR3A,0,,,,,
,,,,,,,,,,FR3B,0,,,,,
,,,,,,,,,,FR4A,0,,,,,
,,,,,,,,,,FR4B,0,,,,,
,,,,,,,,,,Calder.41_1_0_DNA,0,,,,,
,,,,,,,,,,Calder.41_1_16_DNA,0,,,,,
,,,,,,,,,,Calder.41_1_18_DNA,0,,,,,
,,,,,,,,,,Calder.41_1_2_DNA,0,,,,,
,,,,,,,,,,Calder.41_1_20_DNA,0,,,,,
,,,,,,,,,,Calder.41_1_4_DNA,0,,,,,
,,,,,,,,,,Calder.42_1_0_DNA,0,,,,,
,,,,,,,,,,Calder.42_1_16_DNA,0,,,,,
,,,,,,,,,,Calder.42_1_18_DNA,0,,,,,
,,,,,,,,,,Calder.42_1_2_DNA,0,,,,,
,,,,,,,,,,Calder.42_1_20_DNA,0,,,,,
,,,,,,,,,,Calder.42_1_4_DNA,0,,,,,
,,,,,,,,,,Calder.40_1_0_DNA,0,,,,,
,,,,,,,,,,Calder.40_1_2_DNA,0,,,,,
,,,,,,,,,,Calder.40_1_20_DNA,0,,,,,
,,,,,,,,,,Calder.40_1_4_DNA,0,,,,,
,,,,,,,,,,UP1A,0,,,,,
,,,,,,,,,,UP1B,0,,,,,
,,,,,,,,,,UP2A,0,,,,,
,,,,,,,,,,UP2B,0,,,,,
,,,,,,,,,,UP3A,0,,,,,
,,,,,,,,,,UP3B,0,,,,,
,,,,,,,,,,UP4B,0,,,,,
,,,,,,,,,,SNOTEL.IOANA_C12,0,,,,,
,,,,,,,,,,SNOTEL.IOANA_D11,0,,,,,
,,,,,,,,,,SNOTEL.IOANA_F6,0,,,,,
,,,,,,,,,,SNOTEL.IOANA_A1,0,,,,,
,,,,,,,,,,SNOTEL.IOANA_D1,0,,,,,
,,,,,,,,,,SNOTEL.IOANA_E1,0,,,,,
,,,,,,,,,,SNOTEL.IOANA_A12,0,,,,,
,,,,,,,,,,SNOTEL.IOANA_A3,0,,,,,
,,,,,,,,,,SNOTEL.IOANA_C3,0,,,,,
,,,,,,,,,,Calder.37_1_0_DNA,0,,,,,
,,,,,,,,,,Calder.37_1_4_DNA,0,,,,,
,,,,,,,,,,Calder.36_1_0_DNA,0,,,,,
,,,,,,,,,,Calder.36_1_18_DNA,0,,,,,
,,,,,,,,,,Calder.36_1_2_DNA,0,,,,,
,,,,,,,,,,Calder.36_1_20_DNA,0,,,,,
,,,,,,,,,,Calder.36_1_4_DNA,0,,,,,
,,,,,,,,,,CO1A,0,,,,,
,,,,,,,,,,CO1B,0,,,,,
,,,,,,,,,,CO2A,0,,,,,
,,,,,,,,,,CO2B,0,,,,,
,,,,,,,,,,CO3A,0,,,,,
,,,,,,,,,,CO3B,0,,,,,
,,,,,,,,,,CO4A,0,,,,,
,,,,,,,,,,CO4B,0,,,,,
,,,,,,,,,,RC1A,0,,,,,
,,,,,,,,,,RC1B,0,,,,,
,,,,,,,,,,RC2A,0,,,,,
,,,,,,,,,,RC2B,0,,,,,
,,,,,,,,,,RC3A,0,,,,,
,,,,,,,,,,RC3B,0,,,,,
,,,,,,,,,,RC4A,0,,,,,
,,,,,,,,,,RC4B,0,,,,,
,,,,,,,,,,CU1A,0,,,,,
,,,,,,,,,,CU1B,0,,,,,
,,,,,,,,,,CU2A,0,,,,,
,,,,,,,,,,CU2B,0,,,,,
,,,,,,,,,,CU3A,0,,,,,
,,,,,,,,,,CU3B,0,,,,,
,,,,,,,,,,CU4A,0,,,,,
,,,,,,,,,,CU4B,0,,,,,
,,,,,,,,,,SNOTEL.IOANA_C6,0,,,,,
,,,,,,,,,,SNOTEL.IOANA_C8,0,,,,,
,,,,,,,,,,SNOTEL.IOANA_H7,0,,,,,
,,,,,,,,,,SNOTEL.IOANA_D3,0,,,,,
,,,,,,,,,,SNOTEL.IOANA_E3,0,,,,,
,,,,,,,,,,Calder.43_1_0_DNA,0,,,,,
,,,,,,,,,,Calder.43_1_2_DNA,0,,,,,
,,,,,,,,,,Calder.43_1_4_DNA,0,,,,,
,,,,,,,,,,Calder.44_1_0_DNA,0,,,,,
,,,,,,,,,,Calder.44_1_16_DNA,0,,,,,
,,,,,,,,,,Calder.44_1_18_DNA,0,,,,,
,,,,,,,,,,Calder.44_1_2_DNA,0,,,,,
,,,,,,,,,,Calder.44_1_20_DNA,0,,,,,
,,,,,,,,,,Calder.44_1_4_DNA,0,,,,,
,,,,,,,,,,ME1A_S,0,,,,,
,,,,,,,,,,ME1B_S,0,,,,,
,,,,,,,,,,ME2A_S,0,,,,,
,,,,,,,,,,ME2B_S,0,,,,,
,,,,,,,,,,ME3A_S,0,,,,,
,,,,,,,,,,ME3B_S,0,,,,,
,,,,,,,,,,ME4A_S,0,,,,,
,,,,,,,,,,ME4B_S,0,,,,,
,,,,,,,,,,ML1A_J,0,,,,,
,,,,,,,,,,ML1B_J,0,,,,,
,,,,,,,,,,ML2A_J,0,,,,,
,,,,,,,,,,ML3A_J,0,,,,,
,,,,,,,,,,ML3B_J,0,,,,,
,,,,,,,,,,ML4A_J,0,,,,,
,,,,,,,,,,ML4B_J,0,,,,,
,,,,,,,,,,ML5A_J,0,,,,,
,,,,,,,,,,ML5B_J,0,,,,,
,,,,,,,,,,CB1A_S,0,,,,,
,,,,,,,,,,CB1B_S,0,,,,,
,,,,,,,,,,CB2B_S,0,,,,,
,,,,,,,,,,CB3A_S,0,,,,,
,,,,,,,,,,CB3B_S,0,,,,,
,,,,,,,,,,CB4B_S,0,,,,,
,,,,,,,,,,CB5B_S,0,,,,,
,,,,,,,,,,LB1A,0,,,,,
,,,,,,,,,,LB2A,0,,,,,
,,,,,,,,,,LB2B,0,,,,,
,,,,,,,,,,LB3A,0,,,,,
,,,,,,,,,,LB3B,0,,,,,
,,,,,,,,,,LB4A,0,,,,,
,,,,,,,,,,LB4B,0,,,,,
,,,,,,,,,,Calder.47_1_16_DNA,0,,,,,
,,,,,,,,,,Calder.47_1_18_DNA,0,,,,,
,,,,,,,,,,Calder.47_1_2_DNA,0,,,,,
,,,,,,,,,,Calder.47_1_20_DNA,0,,,,,
,,,,,,,,,,Calder.47_1_4_DNA,0,,,,,
,,,,,,,,,,Calder.46_1_0_DNA,0,,,,,
,,,,,,,,,,Calder.46_1_16_DNA,0,,,,,
,,,,,,,,,,Calder.46_1_18_DNA,0,,,,,
,,,,,,,,,,Calder.46_1_2_DNA,0,,,,,
,,,,,,,,,,Calder.46_1_4_DNA,0,,,,,
,,,,,,,,,,Calder.45_1_0_DNA,0,,,,,
,,,,,,,,,,Calder.45_1_16_DNA,0,,,,,
,,,,,,,,,,Calder.45_1_18_DNA,0,,,,,
,,,,,,,,,,Calder.45_1_2_DNA,0,,,,,
,,,,,,,,,,Calder.45_1_20_DNA,0,,,,,
,,,,,,,,,,Calder.45_1_4_DNA,0,,,,,
,,,,,,,,,,LL1A_J,0,,,,,
,,,,,,,,,,LL1B_J,0,,,,,
,,,,,,,,,,LL2A_J,0,,,,,
,,,,,,,,,,LL2B_J,0,,,,,
,,,,,,,,,,LL3A_J,0,,,,,
,,,,,,,,,,LL3B_J,0,,,,,
,,,,,,,,,,LL4A_J,0,,,,,
,,,,,,,,,,LL4B_J,0,,,,,
,,,,,,,,,,WC1A,0,,,,,
,,,,,,,,,,WC1B,0,,,,,
,,,,,,,,,,WC2A,0,,,,,
,,,,,,,,,,WC2B,0,,,,,
,,,,,,,,,,WC3A,0,,,,,
,,,,,,,,,,WC3B,0,,,,,
,,,,,,,,,,WC4A,0,,,,,
,,,,,,,,,,WC4B,0,,,,,
,,,,,,,,,,Calder.Blank3,0,,,,,
,,,,,,,,,,Calder.JC7_Blank1,0,,,,,
,,,,,,,,,,Calder.JC7_Blank2,0,,,,,
,,,,,,,,,,Calder.JC7_Blank3,0,,,,,
,,,,,,,,,,Calder.JC7_Blank4,0,,,,,
,,,,,,,,,,Calder.JC7_Blank5,0,,,,,
,,,,,,,,,,Calder.JC7_Blank6,0,,,,,
,,,,,,,,,,Calder.JC7_Blank7,0,,,,,
,,,,,,,,,,Calder.JC_Blank1,0,,,,,
,,,,,,,,,,Calder.JC_Blank2,0,,,,,
,,,,,,,,,,Calder.JC_Blank3,0,,,,,
,,,,,,,,,,MAWC.BLANK,0,,,,,
,,,,,,,,,,MAWC.BLANK1_DG1,0,,,,,
,,,,,,,,,,MAWC.BLANK2_DG2,0,,,,,
,,,,,,,,,,MAWC.BLANK3_DG3,0,,,,,
,,,,,,,,,,MAWC.BLANK4_DG4_BLANK4_DG4,0,,,,,
,,,,,,,,,,SNOTEL.IOANA_D12,0,,,,,
,,,,,,,,,,SNOTEL.IOANA_E12,0,,,,,
,,,,,,,,,,SNOTEL.IOANA_F12,0,,,,,
,,,,,,,,,,SNOTEL.IOANA_H12,0,,,,,
,,,,,,,,,,SNOTEL.IOANA_G12,0,,,,,
,,,,,,,,,,LBFL21_1_0_1_cm,0,,,,,
,,,,,,,,,,LBFL21_1_10_11_cm,0,,,,,
,,,,,,,,,,LBFL21_1_12_13_cm,0,,,,,
,,,,,,,,,,LBFL21_1_14_15_cm,0,,,,,
,,,,,,,,,,LBFL21_1_16_17_cm,0,,,,,
,,,,,,,,,,LBFL21_1_18_19_cm,0,,,,,
,,,,,,,,,,LBFL21_1_2_3_cm,0,,,,,
,,,,,,,,,,LBFL21_1_20_21_cm,0,,,,,
,,,,,,,,,,LBFL21_1_22_23_cm,0,,,,,
,,,,,,,,,,LBFL21_1_24_25_cm,0,,,,,
,,,,,,,,,,LBFL21_1_26_27_cm,0,,,,,
,,,,,,,,,,LBFL21_1_28_29_cm,0,,,,,
,,,,,,,,,,LBFL21_1_30_31_cm,0,,,,,
,,,,,,,,,,LBFL21_1_32_33_cm,0,,,,,
,,,,,,,,,,LBFL21_1_34_35_cm,0,,,,,
,,,,,,,,,,LBFL21_1_36_37_cm,0,,,,,
,,,,,,,,,,LBFL21_1_38_39_cm,0,,,,,
,,,,,,,,,,LBFL21_1_4_5_cm,0,,,,,
,,,,,,,,,,LBFL21_1_6_7_cm,0,,,,,
,,,,,,,,,,LBFL21_1_8_9_cm,0,,,,,
,,,,,,,,,,LBFL21_2_1_2_cm,0,,,,,
,,,,,,,,,,LBFL21_2_11_12_cm,0,,,,,
,,,,,,,,,,LBFL21_2_13_14_cm,0,,,,,
,,,,,,,,,,LBFL21_2_15_16_cm,0,,,,,
,,,,,,,,,,LBFL21_2_17_18_cm,0,,,,,
,,,,,,,,,,LBFL21_2_19_20_cm,0,,,,,
,,,,,,,,,,LBFL21_2_21_22_cm,0,,,,,
,,,,,,,,,,LBFL21_2_23_24_cm,0,,,,,
,,,,,,,,,,LBFL21_2_25_26_cm,0,,,,,
,,,,,,,,,,LBFL21_2_27_28_cm,0,,,,,
,,,,,,,,,,LBFL21_2_29_30_cm,0,,,,,
,,,,,,,,,,LBFL21_2_3_4_cm,0,,,,,
,,,,,,,,,,LBFL21_2_5_6_cm,0,,,,,
,,,,,,,,,,LBFL21_2_7_8_cm,0,,,,,
,,,,,,,,,,LBFL21_2_9_10_cm,0,,,,,
,,,,,,,,,,LBFL21_2_warm_15_16_cm,0,,,,,
,,,,,,,,,,LBFL21_2_warm_25_26_cm,0,,,,,
,,,,,,,,,,LBFL21_2_warm_29_30_cm,0,,,,,
,,,,,,,,,,LBFL21_2_warm_5_6_cm,0,,,,,
,,,,,,,,,,LBFL21_3_1_2_cm,0,,,,,
,,,,,,,,,,LBFL21_3_11_12_cm,0,,,,,
,,,,,,,,,,LBFL21_3_13_14_cm,0,,,,,
,,,,,,,,,,LBFL21_3_15_16_cm,0,,,,,
,,,,,,,,,,LBFL21_3_17_18_cm,0,,,,,
,,,,,,,,,,LBFL21_3_19_20_cm,0,,,,,
,,,,,,,,,,LBFL21_3_21_22_cm,0,,,,,
,,,,,,,,,,LBFL21_3_23_24_cm,0,,,,,
,,,,,,,,,,LBFL21_3_25_26_cm,0,,,,,
,,,,,,,,,,LBFL21_3_3_4_cm,0,,,,,
,,,,,,,,,,LBFL21_3_5_6_cm,0,,,,,
,,,,,,,,,,LBFL21_3_7_8_cm,0,,,,,
,,,,,,,,,,LBFL21_3_9_10_cm,0,,,,,
,,,,,,,,,,LBFL21_3_warm_19_20_cm,0,,,,,
,,,,,,,,,,LBFL21_3_warm_3_4_cm,0,,,,,
,,,,,,,,,,LBFL21_4_1_2_cm,0,,,,,
,,,,,,,,,,LBFL21_4_11_12_cm,0,,,,,
,,,,,,,,,,LBFL21_4_13_14_cm,0,,,,,
,,,,,,,,,,LBFL21_4_15_16_cm,0,,,,,
,,,,,,,,,,LBFL21_4_17_18_cm,0,,,,,
,,,,,,,,,,LBFL21_4_19_20_cm,0,,,,,
,,,,,,,,,,LBFL21_4_21_22_cm,0,,,,,
,,,,,,,,,,LBFL21_4_23_24_cm,0,,,,,
,,,,,,,,,,LBFL21_4_3_4_cm,0,,,,,
,,,,,,,,,,LBFL21_4_5_6_cm,0,,,,,
,,,,,,,,,,LBFL21_4_7_8_cm,0,,,,,
,,,,,,,,,,LBFL21_4_9_10_cm,0,,,,,
,,,,,,,,,,LBFL21_5_10_11_cm,0,,,,,
,,,,,,,,,,LBFL21_5_12_13_cm,0,,,,,
,,,,,,,,,,LBFL21_5_14_15_cm,0,,,,,
,,,,,,,,,,LBFL21_5_16_17_cm,0,,,,,
,,,,,,,,,,LBFL21_5_18_19_cm,0,,,,,
,,,,,,,,,,LBFL21_5_2_3_cm,0,,,,,
,,,,,,,,,,LBFL21_5_20_21_cm,0,,,,,
,,,,,,,,,,LBFL21_5_22_23_cm,0,,,,,
,,,,,,,,,,LBFL21_5_4_5_cm,0,,,,,
,,,,,,,,,,LBFL21_5_6_7_cm,0,,,,,
,,,,,,,,,,LBFL21_5_8_9_cm,0,,,,,